{
  "AWSTemplateFormatVersion": "2010-09-09",
  "Transform": "AWS::Serverless-2016-10-31",
  "Description": "",
  "Parameters": {
    "AccountList": {
      "Description": "A comma separated list of accounts, if organizations are not used.",
      "Type": "String",
      "Default": "none"
    },
    "OperationalPrefix": {
      "Description": "An naming prefix for created objects like secrets and roles.",
      "Type": "String",
      "Default": "azure-ad-sync"
    },
    "AzureTenant": {
      "Description": "AzureAD Tenant representing your organization, Example companyname.onmicrosoft.com",
      "Type": "String",
      "Default": "none",
      "NoEcho": true
    },
    "AzureObjectId": {
      "Description": "AzureAD Application Object ID representing AWS, Example fef541df-cde9-41ad-856f-f7d0f3e1cf38",
      "Type": "String",
      "Default": "none",
      "NoEcho": true
    },
    "AzureUserName": {
      "Description": "AzureAD Username for user with rights to update the Application Manifest, user@company.com",
      "Type": "String",
      "Default": "none",
      "NoEcho": true
    },
    "AzurePassword": {
      "Description": "AzureAD Password for user with rights to update the Application Manifest",
      "Type": "String",
      "Default": "none",
      "NoEcho": true
    },
    "AssumeRoleName": {
      "Description": "What is a name to use for the Assume Role in other accounts?",
      "Default": "azure-ad-sync-role",
      "Type": "String"
    },
    "SamlIdentityProviderName": {
      "Description": "What is the name of the SAML IdentityProvider in you AWS Accounts?",
      "Type": "String"}
    
  },
  "Conditions": {
    "isOrganisations": {
      "Fn::Equals": [
        {
          "Ref": "AccountList"
        },
        "none"
      ]
    }
  },
  "Resources": {
    "AzureADDiscoveryRole": {
      "Type": "AWS::IAM::Role",
      "Properties": {
        "RoleName": {
          "Ref": "AssumeRoleName"
        },
        "AssumeRolePolicyDocument": {
          "Version": "2012-10-17",
          "Statement": [
            {
              "Effect": "Allow",
              "Principal": {
                "AWS": [
                  {
                    "Fn::Sub": "arn:aws:iam::${AWS::AccountId}:root"
                  }
                ]
              },
              "Action": [
                "sts:AssumeRole"
              ]
            }
          ]
        },
        "Path": "/"
      }
    },
    "AzureADDiscoveryRolePolicies": {
      "Type": "AWS::IAM::Policy",
      "Properties": {
        "PolicyName": "list-roles",
        "PolicyDocument": {
          "Version": "2012-10-17",
          "Statement": [
            {
              "Effect": "Allow",
              "Action": [
                "iam:ListRoles"
              ],
              "Resource": "*"
            }
          ]
        },
        "Roles": [
          {
            "Ref": "AzureADDiscoveryRole"
          }
        ]
      }
    },
    "AzureTenantSecret": {
      "Type": "AWS::SecretsManager::Secret",
      "Properties": {
        "Description": "AzureAD Tenant representing your organization, Example companyname.onmicrosoft.com",
        "Name": {
          "Fn::Sub": "/${OperationalPrefix}/tenant"
        },
        "SecretString": {
          "Ref": "AzureTenant"
        },
        "Tags": [
          {
            "Key": "Name",
            "Value": "AzureSyncServiceTenantName"
          }
        ]
      }
    },
    "AzureObjectIdSecret": {
      "Type": "AWS::SecretsManager::Secret",
      "Properties": {
        "Description": "AzureAD Application Object ID representing AWS, Example fef541df-cde9-41ad-856f-f7d0f3e1cf38",
        "Name": {
          "Fn::Sub": "/${OperationalPrefix}/objectid"
        },
        "SecretString": {
          "Ref": "AzureObjectId"
        },
        "Tags": [
          {
            "Key": "Name",
            "Value": "AzureSyncServiceObjectId"
          }
        ]
      }
    },
    "AzureUserNameSecret": {
      "Type": "AWS::SecretsManager::Secret",
      "Properties": {
        "Description": "AzureAD Username for user with rights to update the Application Manifest, user@company.com",
        "Name": {
          "Fn::Sub": "/${OperationalPrefix}/username"
        },
        "SecretString": {
          "Ref": "AzureUserName"
        },
        "Tags": [
          {
            "Key": "Name",
            "Value": "AzureSyncServiceUserName"
          }
        ]
      }
    },
    "AzurePasswordSecret": {
      "Type": "AWS::SecretsManager::Secret",
      "Properties": {
        "Description": "AzureAD Password for user with rights to update the Application Manifest.",
        "Name": {
          "Fn::Sub": "/${OperationalPrefix}/password"
        },
        "SecretString": {
          "Ref": "AzurePassword"
        },
        "Tags": [
          {
            "Key": "Name",
            "Value": "AzureSyncServicePassword"
          }
        ]
      }
    },
    "ManifestBackupBucket": {
      "Type": "AWS::S3::Bucket",
      "DeletionPolicy": "Retain"
    },
    "AzureADSyncFunc": {
      "Type": "AWS::Serverless::Function",
      "Properties": {
        "Description": "Function will scan AWS Accounts within this Organization, identify federation based IAM Roles\nand replicate these roles into AzureAD so that they can be assigned to users/groups\n",
        "Handler": "azure-sync.lambda_handler",
        "Runtime": "python2.7",
        "CodeUri": "../code/",
        "Timeout": 900,
        "Environment": {
          "Variables": {
            "S3BUCKET": {
              "Ref": "ManifestBackupBucket"
            },
            "ACCOUNTLIST": {
              "Fn::If": [
                "isOrganisations",
                "",
                {
                  "Ref": "AccountList"
                }
              ]
            },
            "SECRETARNTOTENANT": {
              "Ref": "AzureTenantSecret"
            },
            "SECRETARNTOOBJECTID": {
              "Ref": "AzureObjectIdSecret"
            },
            "SECRETARNTOUSERNAME": {
              "Ref": "AzureUserNameSecret"
            },
            "SECRETARNTOPASSWORD": {
              "Ref": "AzurePasswordSecret"
            },
            "LOGLEVEL": "INFO",
            "ASSROLENAME": {"Ref": "AssumeRoleName"},
            "IDENTITYPROVNAME": {"Ref": "SamlIdentityProviderName"}
          }
        },
        "Policies": [
          "AWSLambdaBasicExecutionRole",
          {
            "Version": "2012-10-17",
            "Statement": [
              {
                "Effect": "Allow",
                "Action": [
                  "organizations:ListAccounts"
                ],
                "Resource": "*"
              },
              {
                "Effect": "Allow",
                "Action": [
                  "sts:AssumeRole"
                ],
                "Resource": "*"
              },
              {
                "Effect": "Allow",
                "Action": [
                  "s3:PutObject"
                ],
                "Resource": {
                  "Fn::Sub": [
                    "${Bucket}/*",
                    {
                      "Bucket": {
                        "Fn::GetAtt": [
                          "ManifestBackupBucket",
                          "Arn"
                        ]
                      }
                    }
                  ]
                }
              },
              {
                "Sid": "GimmeGimmeMySecrets",
                "Action": [
                  "secretsmanager:GetSecretValue"
                ],
                "Effect": "Allow",
                "Resource": [
                  {
                    "Ref": "AzureTenantSecret"
                  },
                  {
                    "Ref": "AzureObjectIdSecret"
                  },
                  {
                    "Ref": "AzureUserNameSecret"
                  },
                  {
                    "Ref": "AzurePasswordSecret"
                  }
                ]
              }
            ]
          }
        ],
        "Events": {
          "ScheduleEvent": {
            "Type": "Schedule",
            "Properties": {
              "Schedule": "rate(30 minutes)"
            }
          }
        }
      }
    }
  },
  "Outputs": {
    "LambdaFunction": {
      "Description": "Name of the Lambda function created by this template.",
      "Value": {
        "Ref": "AzureADSyncFunc"
      }
    },
    "BackupS3Bucket": {
      "Description": "Name of the backup S3 Bucket created by this template. The lambda function saves a backup of\nthe application manifest here before pushing any changes back into Azure AD\n",
      "Value": {
        "Ref": "ManifestBackupBucket"
      }
    }
  }
}