{
  "AWSTemplateFormatVersion": "2010-09-09",
  "Description": "",
  "Parameters": {
    "MasterAccountId": {
      "Description": "What is the Organizational Master Account ID?",
      "Type": "String"
    },
    "AssumeRoleName": {
      "Description": "What is a name to use for the Assume Role in other accounts?",
      "Default": "azure-ad-sync-role",
      "Type": "String"
    }
  },
  "Resources": {
    "AzureADDiscoveryRole": {
      "Type": "AWS::IAM::Role",
      "Properties": {
        "RoleName": {
          "Ref": "AssumeRoleName"
        },
        "AssumeRolePolicyDocument": {
          "Version": "2012-10-17",
          "Statement": [
            {
              "Effect": "Allow",
              "Principal": {
                "AWS": [
                  {
                    "Fn::Sub": "arn:aws:iam::${MasterAccountId}:root"
                  }
                ]
              },
              "Action": [
                "sts:AssumeRole"
              ]
            }
          ]
        },
        "Path": "/"
      }
    },
    "AzureADDiscoveryRolePolicies": {
      "Type": "AWS::IAM::Policy",
      "Properties": {
        "PolicyName": "list-roles",
        "PolicyDocument": {
          "Version": "2012-10-17",
          "Statement": [
            {
              "Effect": "Allow",
              "Action": [
                "iam:ListRoles"
              ],
              "Resource": "*"
            }
          ]
        },
        "Roles": [
          {
            "Ref": "AzureADDiscoveryRole"
          }
        ]
      }
    }
  }
}